age_group,customers,churned,churn_rate,avg_clv,revenue_at_risk
51-60,797,448,0.562107904642409,13290.095081555834,1238260.85
41-50,2320,788,0.3396551724137931,13038.116711206896,2207964.64
61+,464,115,0.2478448275862069,12440.058081896552,326391.54
31-40,4451,539,0.1210963828353179,12522.276865872836,1509752.64
18-30,1968,148,0.07520325203252033,12453.953922764227,442411.4
