tenure_group,customers,churned,churn_rate,avg_clv,revenue_at_risk
9-10 years,1474,315,0.21370420624151967,23338.80343283582,904770.29
0-2 years,2496,528,0.21153846153846154,3605.9109334935897,1451155.67
3-5 years,3010,625,0.20764119601328904,10034.37361461794,1743775.76
6-8 years,3020,570,0.18874172185430463,17633.657158940397,1625079.35
