active_status,customers,churned,churn_rate,avg_clv,revenue_at_risk
Inactive,4849,1303,0.26871519901010515,13050.437028253247,3658156.18
Active,5151,735,0.14269073966220153,12342.708211997671,2066624.89
