product_segment,customers,churned,churn_rate,avg_clv,revenue_at_risk
3+ products,326,280,0.8588957055214724,14308.738435582824,830679.7
1 product(s),5084,1409,0.27714398111723054,14529.088933910307,3899263.09
2 product(s),4590,349,0.07603485838779957,10529.046248366014,994838.28
