customer_value_segment,customers,churned,churn_rate,avg_clv,revenue_at_risk
Platinum,2500,612,0.2448,27868.945736,2229843.39
Gold,2500,534,0.2136,13761.140780000002,1631559.03
Bronze,2500,488,0.1952,2557.6414879999998,958145.76
Silver,2500,404,0.1616,6555.815656000001,905232.89
