card_type,customers,churned,churn_rate,avg_clv,revenue_at_risk
DIAMOND,2507,546,0.2177901874750698,12894.908085360988,1539294.99
PLATINUM,2495,508,0.2036072144288577,12293.393286573146,1412076.66
SILVER,2496,502,0.20112179487179488,12602.80157051282,1433448.82
GOLD,2502,482,0.1926458832933653,12950.725663469224,1339960.6
