geography,customers,churned,churn_rate,avg_clv,revenue_at_risk
Germany,2509,814,0.32443204463929853,17176.041028298125,2750661.08
Spain,2477,413,0.1667339523617279,11198.43151796528,1011543.71
France,5014,811,0.16174710809732748,11173.844702832072,1962576.28
