gender,customers,churned,churn_rate,avg_clv,revenue_at_risk
Female,4543,1139,0.2507153863086066,12510.241871010345,3170263.4
Male,5457,899,0.1647425325270295,12832.111110500275,2554517.67
